-- MySQL dump 10.13  Distrib 8.0.32, for Win64 (x86_64)
--
-- Host: 127.0.0.1    Database: cems
-- ------------------------------------------------------
-- Server version	8.0.32

/*!40101 SET @OLD_CHARACTER_SET_CLIENT=@@CHARACTER_SET_CLIENT */;
/*!40101 SET @OLD_CHARACTER_SET_RESULTS=@@CHARACTER_SET_RESULTS */;
/*!40101 SET @OLD_COLLATION_CONNECTION=@@COLLATION_CONNECTION */;
/*!50503 SET NAMES utf8 */;
/*!40103 SET @OLD_TIME_ZONE=@@TIME_ZONE */;
/*!40103 SET TIME_ZONE='+00:00' */;
/*!40014 SET @OLD_UNIQUE_CHECKS=@@UNIQUE_CHECKS, UNIQUE_CHECKS=0 */;
/*!40014 SET @OLD_FOREIGN_KEY_CHECKS=@@FOREIGN_KEY_CHECKS, FOREIGN_KEY_CHECKS=0 */;
/*!40101 SET @OLD_SQL_MODE=@@SQL_MODE, SQL_MODE='NO_AUTO_VALUE_ON_ZERO' */;
/*!40111 SET @OLD_SQL_NOTES=@@SQL_NOTES, SQL_NOTES=0 */;

--
-- Table structure for table `course`
--

DROP TABLE IF EXISTS `course`;
/*!40101 SET @saved_cs_client     = @@character_set_client */;
/*!50503 SET character_set_client = utf8mb4 */;
CREATE TABLE `course` (
  `course_id` varchar(45) NOT NULL,
  `course_name` varchar(45) NOT NULL,
  `course_subject_id` varchar(45) DEFAULT NULL,
  PRIMARY KEY (`course_id`),
  KEY `course_course_subject_id_idx` (`course_subject_id`),
  CONSTRAINT `course_course_subject_id` FOREIGN KEY (`course_subject_id`) REFERENCES `subject` (`subject_id`)
) ENGINE=InnoDB DEFAULT CHARSET=utf8mb4 COLLATE=utf8mb4_0900_ai_ci;
/*!40101 SET character_set_client = @saved_cs_client */;

--
-- Dumping data for table `course`
--

LOCK TABLES `course` WRITE;
/*!40000 ALTER TABLE `course` DISABLE KEYS */;
INSERT INTO `course` VALUES ('01','Algebra1','01'),('02','Algebra2','01'),('03','Data Stracture','02'),('04','C Programming','02'),('05','OOP','02'),('06','Physics1','03'),('07','Organic Chemistry','04'),('08','Calculus1','01');
/*!40000 ALTER TABLE `course` ENABLE KEYS */;
UNLOCK TABLES;

--
-- Table structure for table `department`
--

DROP TABLE IF EXISTS `department`;
/*!40101 SET @saved_cs_client     = @@character_set_client */;
/*!50503 SET character_set_client = utf8mb4 */;
CREATE TABLE `department` (
  `department_id` varchar(45) NOT NULL,
  `department_name` varchar(45) NOT NULL,
  PRIMARY KEY (`department_id`)
) ENGINE=InnoDB DEFAULT CHARSET=utf8mb4 COLLATE=utf8mb4_0900_ai_ci;
/*!40101 SET character_set_client = @saved_cs_client */;

--
-- Dumping data for table `department`
--

LOCK TABLES `department` WRITE;
/*!40000 ALTER TABLE `department` DISABLE KEYS */;
INSERT INTO `department` VALUES ('1','Software Engineering'),('2','Information Systems Engineering'),('3','Industrial Engineering');
/*!40000 ALTER TABLE `department` ENABLE KEYS */;
UNLOCK TABLES;

--
-- Table structure for table `exam`
--

DROP TABLE IF EXISTS `exam`;
/*!40101 SET @saved_cs_client     = @@character_set_client */;
/*!50503 SET character_set_client = utf8mb4 */;
CREATE TABLE `exam` (
  `exam_number` varchar(3) NOT NULL,
  `subject_id` varchar(45) NOT NULL,
  `course_id` varchar(45) NOT NULL,
  `exam_id` varchar(7) NOT NULL,
  `num_questions` int DEFAULT NULL,
  `time` int DEFAULT NULL,
  `examinees_notes` text,
  `professor_notes` text,
  `professor_full_name` varchar(45) DEFAULT NULL,
  `professor_id` varchar(45) DEFAULT NULL,
  `password` varchar(5) DEFAULT NULL,
  `isActive` varchar(2) DEFAULT NULL,
  `type` varchar(45) DEFAULT NULL,
  `exam_name` varchar(45) DEFAULT NULL,
  PRIMARY KEY (`exam_number`,`subject_id`,`course_id`,`exam_id`),
  KEY `exam_professor_id_idx` (`professor_id`),
  KEY `idx_exam_id` (`exam_id`),
  CONSTRAINT `exam_professor_id` FOREIGN KEY (`professor_id`) REFERENCES `professor_subject` (`professor_id`)
) ENGINE=InnoDB DEFAULT CHARSET=utf8mb4 COLLATE=utf8mb4_0900_ai_ci;
/*!40101 SET character_set_client = @saved_cs_client */;

--
-- Dumping data for table `exam`
--

LOCK TABLES `exam` WRITE;
/*!40000 ALTER TABLE `exam` DISABLE KEYS */;
INSERT INTO `exam` VALUES ('01','01','01','010101',3,60,'Don\'t forget to do something!','Don\'t forget to do nothing!','Daniel Armaganian','209146943','8520','0','computerized',NULL),('02','02','05','020502',1,60,'Yes	','No','Daniel Armaganian','209146943','1234','0','computerized',NULL),('03','01','01','010103',2,40,'test','test','Daniel Armaganian','209146943','1234','1','computerized',NULL);
/*!40000 ALTER TABLE `exam` ENABLE KEYS */;
UNLOCK TABLES;

--
-- Table structure for table `exam_question`
--

DROP TABLE IF EXISTS `exam_question`;
/*!40101 SET @saved_cs_client     = @@character_set_client */;
/*!50503 SET character_set_client = utf8mb4 */;
CREATE TABLE `exam_question` (
  `exam_id` varchar(7) NOT NULL,
  `question_id` varchar(6) NOT NULL,
  `score` varchar(4) DEFAULT NULL,
  PRIMARY KEY (`exam_id`,`question_id`),
  KEY `exam_question_question_id_idx` (`question_id`) /*!80000 INVISIBLE */,
  KEY `exam_question_exam_id_idx` (`exam_id`),
  CONSTRAINT `exam_question_exam_id` FOREIGN KEY (`exam_id`) REFERENCES `exam` (`exam_id`) ON DELETE CASCADE ON UPDATE CASCADE,
  CONSTRAINT `exam_question_question_id` FOREIGN KEY (`question_id`) REFERENCES `question` (`id`)
) ENGINE=InnoDB DEFAULT CHARSET=utf8mb4 COLLATE=utf8mb4_0900_ai_ci;
/*!40101 SET character_set_client = @saved_cs_client */;

--
-- Dumping data for table `exam_question`
--

LOCK TABLES `exam_question` WRITE;
/*!40000 ALTER TABLE `exam_question` DISABLE KEYS */;
INSERT INTO `exam_question` VALUES ('010101','01001','100'),('010103','01001','50'),('010103','01003','50'),('020502','02004','100');
/*!40000 ALTER TABLE `exam_question` ENABLE KEYS */;
UNLOCK TABLES;

--
-- Table structure for table `exam_stats`
--

DROP TABLE IF EXISTS `exam_stats`;
/*!40101 SET @saved_cs_client     = @@character_set_client */;
/*!50503 SET character_set_client = utf8mb4 */;
CREATE TABLE `exam_stats` (
  `exam_id` varchar(7) NOT NULL,
  `date` date DEFAULT NULL,
  `time` int DEFAULT NULL,
  `actual_time` int DEFAULT NULL,
  `no. student` int DEFAULT NULL,
  `no. completed` int DEFAULT NULL,
  `no. uncomplete` int DEFAULT NULL,
  PRIMARY KEY (`exam_id`)
) ENGINE=InnoDB DEFAULT CHARSET=utf8mb4 COLLATE=utf8mb4_0900_ai_ci;
/*!40101 SET character_set_client = @saved_cs_client */;

--
-- Dumping data for table `exam_stats`
--

LOCK TABLES `exam_stats` WRITE;
/*!40000 ALTER TABLE `exam_stats` DISABLE KEYS */;
INSERT INTO `exam_stats` VALUES ('010101','2023-06-20',NULL,NULL,NULL,NULL,NULL);
/*!40000 ALTER TABLE `exam_stats` ENABLE KEYS */;
UNLOCK TABLES;

--
-- Table structure for table `manual_exam`
--

DROP TABLE IF EXISTS `manual_exam`;
/*!40101 SET @saved_cs_client     = @@character_set_client */;
/*!50503 SET character_set_client = utf8mb4 */;
CREATE TABLE `manual_exam` (
  `idmanual_exam` varchar(20) NOT NULL,
  `manual_exam_file` blob,
  `exam_path` varchar(200) DEFAULT 'C:',
  PRIMARY KEY (`idmanual_exam`),
  UNIQUE KEY `exam_path_UNIQUE` (`exam_path`)
) ENGINE=InnoDB DEFAULT CHARSET=utf8mb4 COLLATE=utf8mb4_0900_ai_ci;
/*!40101 SET character_set_client = @saved_cs_client */;

--
-- Dumping data for table `manual_exam`
--

LOCK TABLES `manual_exam` WRITE;
/*!40000 ALTER TABLE `manual_exam` DISABLE KEYS */;
INSERT INTO `manual_exam` VALUES ('010201',_binary 'PK\0\0\0\0\0!\0ߤ\lZ\0\0 \0\0\0[Content_Types].xml (\0\0\0\0\0\0\0\0\0\0\0\0\0\0\0\0\0\0\0\0\0\0\0\0\0\0\0\0\0\0\0\0\0\0\0\0\0\0\0\0\0\0\0\0\0\0\0\0\0\0\0\0\0\0\0\0\0\0\0\0\0\0\0\0\0\0\0\0\0\0\0\0\0\0\0\0\0\0\0\0\0\0\0\0\0\0\0\0\0\0\0\0\0\0\0\0\0\0\0\0\0\0\0\0\0\0\0\0\0\0\0\0\0\0\0\0\0\0\0\0\0\0\0\0\0\0\0\0\0\0\0\0\0\0\0\0\0\0\0\0\0\0\0\0\0\0\0\0\0\0\0\0\0\0\0\0\0\0\0\0\0\0\0\0\0\0\0\0\0\0\0\0\0\0\0\0\0\0\0\0\0\0\0\0\0\0\0\0\0\0\0\0\0\0\0\0\0\0\0\0\0\0\0\0\0\0\0\0\0\0\0\0\0\0\0\0\0\0\0\0\0\0\0\0\0\0\0\0\0\0\0\0\0\0\0\0\0\0\0\0\0\0\0\0\0\0\0\0\0\0\0\0\0\0\0\0\0\0\0\0\0\0\0\0\0\0\0\0\0\0\0\0\0\0\0\0\0\0\0\0\0\0\0\0\0\0\0\0\0\0\0\0\0\0\0\0\0\0\0\0\0\0\0\0\0\0\0\0\0\0\0\0\0\0\0\0\0\0\0\0\0\0\0\0\0\0\0\0\0\0\0\0\0\0\0\0\0\0\0\0\0\0\0\0\0\0\0\0\0\0\0\0\0\0\0\0\0\0\0\0\0\0\0\0\0\0\0\0\0\0\0\0\0\0\0\0\0\0\0\0\0\0\0\0\0\0\0\0\0\0\0\0\0\0\0\0\0\0\0\0\0\0\0\0\0\0\0\0\0\0\0\0\0\0\0\0\0\0\0\0\0\0\0\0\0\0\0\0\0\0\0\0\0\0\0\0\0\0\0\0\0\0\0\0\0\0\0\0\0\0\0\0\0\0\0\0\0\0\0\0\0\0\0\0\0\0\0\0\0\0\0\0\0\0\0\0\0\0\0\0\0\0\0\0\0\0\0\0\0\0\0\0\0\0\0\0\0\0\0\0\0\0\0\0\0\0\0\0\0\0\0\0\0\n\0EUb袪*>-R\{VǼQU\nl\"%3\3Vƃ\ښl	w%\=^i7+\\\-d&\0\A\6l4L60#Ò\S\nOX\0*V$z33\\\%p)O^\5}nH\"d\s\XgL`\|\ԟ|Prۃs\Z?PW\tt4Q+\\\"wa|T\\y,N\\U%\-D/\ܚXݞ(<E\\)\\Z\0;\NL?F˼܉\Z<Fk\	hy\\\ڜ\qi\?\ޯl\i\\01\\]H\g\m@\\\m\0\0\0PK\0\0\0\0\0!\0\Z\\0\0\0N\0\0\0_rels/.rels (\0\0\0\0\0\0\0\0\0\0\0\0\0\0\0\0\0\0\0\0\0\0\0\0\0\0\0\0\0\0\0\0\0\0\0\0\0\0\0\0\0\0\0\0\0\0\0\0\0\0\0\0\0\0\0\0\0\0\0\0\0\0\0\0\0\0\0\0\0\0\0\0\0\0\0\0\0\0\0\0\0\0\0\0\0\0\0\0\0\0\0\0\0\0\0\0\0\0\0\0\0\0\0\0\0\0\0\0\0\0\0\0\0\0\0\0\0\0\0\0\0\0\0\0\0\0\0\0\0\0\0\0\0\0\0\0\0\0\0\0\0\0\0\0\0\0\0\0\0\0\0\0\0\0\0\0\0\0\0\0\0\0\0\0\0\0\0\0\0\0\0\0\0\0\0\0\0\0\0\0\0\0\0\0\0\0\0\0\0\0\0\0\0\0\0\0\0\0\0\0\0\0\0\0\0\0\0\0\0\0\0\0\0\0\0\0\0\0\0\0\0\0\0\0\0\0\0\0\0\0\0\0\0\0\0\0\0\0\0\0\0\0\0\0\0\0\0\0\0\0\0\0\0\0\0\0\0\0\0\0\0\0\0\0\0\0\0\0\0\0\0\0\0\0\0\0\0\0\0\0\0\0\0\0\0\0\0\0\0\0\0\0\0\0\0\0\0\0\0\0\0\0\0\0\0\0\0\0\0\0\0\0\0\0\0\0\0\0\0\0\0\0\0\0\0\0\0\0\0\0\0\0\0\0\0\0\0\0\0\0\0\0\0\0\0\0\0\0\0\0\0\0\0\0\0\0\0\0\0\0\0\0\0\0\0\0\0\0\0\0\0\0\0\0\0\0\0\0\0\0\0\0\0\0\0\0\0\0\0\0\0\0\0\0\0\0\0\0\0\0\0\0\0\0\0\0\0\0\0\0\0\0\0\0\0\0\0\0\0\0\0\0\0\0\0\0\0\0\0\0\0\0\0\0\0\0\0\0\0\0\0\0\0\0\0\0\0\0\0\0\0\0\0\0\0\0\0\0\0\0\0\0\0\0\0\0\0\0\0\0\0\0\0\0\0\0\0\0\0\0\0\0\0\0\0\0\0\0\0\0\0\0\0\0\0\0\0\0\0\0\0\0\0\0\0\0\0\0\0\0\0\0\0j\0@\ѽQ\N/c\\\[IL\\j\<\\]\aG\\ӓ\zsFu\]\ZU\r	\^\[x\01x\p\\f\#I)ʃY\\Z\\*D\i\")\\c$qU\~31\\jH[{=E\~\nf?3-\޲]\Tꓸ2j),\Zl0/%b\n\Z\\zŉ,		/|f\\Z\\?6\!Y_\o]A\0\0\0PK\0\0\0\0\0!\0\Q<\0\0\0\0\0\0\0word/document.xml_o\0\\'\;Dy\*V\\\$8X\\6\w\B\n\x\\wq\N<T*&ҙ\\9ES\"\"\g˯\`b[J\4H\\>Se?̿~\\H\00\\̎\B)\\3\";}GGbc\\\y\O*qz\ʮp\ԍI\\0ܛ!#4E6\\zn\ߌ\n\ZW-Ҩ\\H^4\GۤI?R\8Map\'$\\Zr8l\0\ke	\g`:A,}\\h]܏n&M}iX\.\ԯMsSDO:Q֕]bW/\RD\rI@Eb]\K?\n\'<s;ڿJ۲܆\\j\xRz1\u:\A\\4\f\	\\\O\rZЎ/14\m8cZ՜rW5u;\D_a\Z~\R\\p!5$!\\8\\*\\sI]C\\\\h림\\sJ\낡>\\s3\}*$\&\\b;`\ЙxBn\2ʞ\\rm+i3x\r|\\r\-\B\n\7m\r|Z-F \r\6َ3?t6#Go\.\n+\FFM\=\?bxU\tl=Q3J\\\1\3^)\,-Z\\=63u94\^q0|6zZޮx\\ެZW-\\w-]\(\\ qםEBğCf\lZ\\n[\M?ј∂ݱWtwB\\S#\"Q U&S\\44LXJ7L\QTx,*j*\\0\0\0\0PK\0\0\0\0\0!\0\dQ\0\0\01\0\0\0word/_rels/document.xml.rels (\0\0\0\0\0\0\0\0\0\0\0\0\0\0\0\0\0\0\0\0\0\0\0\0\0\0\0\0\0\0\0\0\0\0\0\0\0\0\0\0\0\0\0\0\0\0\0\0\0\0\0\0\0\0\0\0\0\0\0\0\0\0\0\0\0\0\0\0\0\0\0\0\0\0\0\0\0\0\0\0\0\0\0\0\0\0\0\0\0\0\0\0\0\0\0\0\0\0\0\0\0\0\0\0\0\0\0\0\0\0\0\0\0\0\0\0\0\0\0\0\0\0\0\0\0\0\0\0\0\0\0\0\0\0\0\0\0\0\0\0\0\0\0\0\0\0\0\0\0\0\0\0\0\0\0\0\0\0\0\0\0\0\0\0\0\0\0\0\0\0\0\0\0\0\0\0\0\0\0\0\0\0\0\0\0\0\0\0\0\0\0\0\0\0\0\0\0\0\0\0\0\0\0\0\0\0\0\0\0\0\0\0\0\0\0\0\0\0\0\0\0\0\0\0\0\0\0\0\0\0\0\0\0\0\0\0\0\0\0\0\0\0\0\0\0\0\0\0\0\0\0\0\0\0\0\0\0\j\0E}-;}PB\lJ!\\\0E?,	\`HI\\`rsπ6\\w\{\r茯{\*x\AkWk\*`[^^l\jNK\D8R\1d:4e>K/\4\Vm^ur\w2NP0ŮVw5jo\\7o:>S!?p\\8JX[d0KD\EVK\c2P,ũa]\.\ﰘsYҡ+\(!O>z\0\0\0PK\0\0\0\0\0!\0g\\0\0\ \0\0\0\0\0word/theme/theme1.xml\YKG\z\\a5\Hk\6޵Rki\\ڵ0`r	C\B1\\cI\I3-ď]	U?4s\\:G[=Wqؘ$aǽ}0,\\GHe	\,܋;v8:n$\\|,F0\96\	\M.\cAoL˵JQI\\\'A11vJwg|@\_\"\ZQTcCBc\ӪP\!\qa1;>\P$$Lt܊s\;\k!*dsrC[\n5-\\õ\^֯Tn\\Ac\X\\\04\ZNS.\f-\(mZtz\\׷]_}Mo?\rs\o\^\7kP\llᛕn\k\Zx\r(I[\ߨݮ!F/[\m\6kKx*\+OdQ\\\C\0h\\"IG.fxF%8$ f(a+ʰR\\\(:QN:\Z!\\#Nf\^n\ŋ|\Ǐ_>u\ey7?}\\/͓o\xǿ\\_\A\g?{\\\rt\:>vn6hY\08\KtP)z #}}(\zش\\\4gޏ\\Z=\hq랮V\'}q>\\n!td[;\`>\'6A\r7)8\QslE\.!]Ȉ3&ҹK\"VC#2\$,l߆m\8=Fm\\D\\@ԦSÌ\\\\\\4\E2\_ap!\!\6|aнi\\=M$djC\\"\\>gV\$\+b\n!LZI0>%\C\\ې\f\\v$03\\N)\\H]N\ћFh\bL\1\Zc\ܾbóa\\el\Udƪ\\'X@c0Bv\\b#,P#^\\\u5^\hjR\ա!bcZoF\+\x]p\\r\@\\\\\ζ9@\X U-݂\LD\'-6\M\CQ\$ykQ\n\\O-\өw\T:E\d)\mV5\c\5}4OnbG,г欦\\4E\9d\*\Gd\E?Z=\\Z\§>B\\\P+t\#\쏇0;ZhiAs9\m3\~fLU\P83&p\\V\j\\=6NG\\sM@2\k5eLG\\\Z\A늀}\Lu\j-$\NE\¢\\_K\\ H\RFn\c\T~\\St1\m\,\k+\iD.\L0\\>e_3\Z)i4[\\*l\=\\\\\5#4\\\x\TI\ɥ?$̸}$\\Db\PC\\@[\T{Dɵ+\W\\x2#Y0ua.Ub=!Xu\H\G\c\\-Ue1rm\1\\άG\xߒQDgZ\(d\u{M\'\tsWf\P9\ķ\ۅ\D.i\\ \ִ珏w\\Xey\`\\\\\^庢[\\BZAM1P\FMjX\[f\qڷfԪbUW\\֋mvx\"\\J¯\+\4\\Uv/9\'A\\zA\J?(yuRj\z\\V\C0⪟=t|oǷ\\ǫR܈\e\\\\\w\<hԆ\z\(\\a\\Zv\\\\>t#\rkZF5J^\ڥWuf5W\ռv\0\0\0PK\0\0\0\0\0!\0\'v\0\0\\0\0\0\0\0word/settings.xmlV\o\6~\Y8B\v\%Eu=S\"m\\\)\rpZ\Ŧ\\x<\\\'\;4b\Z\\`@D)1\iaN6H`Ĥ \\@t\\\sM5=\0\ns^Nʘ:\"]V#}!k\"\0\HőO8RM\\Ђ2jQ2fAG#AD\QJj1\$\r-I\-\9~[Y6\<F0A\n]\Z{6l\0VdM\8zxx\vR\\9\YZɒh\rę\q\\|w[tT`\\4\YI^\1\8\"<\u<ّ\@cW$>EUH\2\5>\x#\ΩB]\2\\nP (Eg!\-ɓ\<\\#H\&\rf<\"`A\r3XY\AIR4DkTB\r/0J2\\\,((\\u~nX\!\gg%1}\(z~~O]~\HB7U90\\	ц\; \zpɒ \@\ș;%*%՝p\o\n6DYAP%.Ϸabo\\\_P5z|Kc$=\\\N\\{tZ0OR\0&m=̲\(2[$W\y\c(;\\BQ4X\AYB=ΩxASd\\\1$z%\\lܚ\ȇ#\1DdS\^-IigI\\uSw5\)>=\}\\8]\"\\g{ŶHxw\USk[d\-bOF/\#QlK@\(hw^xى\\\F,l\\2/ˬv1dL\	\6	B5i[?Tl\,Ѓ]N`HL\r:k9B<L2k\i3tyk1\\?g\\3cW\\bGRI:\^\\rQ\r]d\\\\\\'\(\\(\n\8\\?\i;̛[ӯ\y\'e&e&pr3E\\\x6\\Y\0\0\0\0PK\0\0\0\0\0!\0{ע\0\0Os\0\0\0\0\0word/styles.xml]sۺ\;\\U{\xs\q\S;\\'k$\ Tl\\0)	\&(\/\%\o?2\B\|0z0xDd\wQQ,aRe|\ߞΊE\"Ҁ8K\,g\a/xʊj\3\L\)+\|>LYZUd\n)ʗ\\xPc.5Q*\Yi\9b!Śԅd\\TVlP*\\\jV\;SȢt\\-\8q̟q5c#]Hp#\P$e@Q\\:4dV,\\\"\u\d{I\\<S9JMҪGZȂͿz\Ol]|\^HT\\Jy\\\\\\\"z:cE,Ľ\n%gEyQ\\\\N\\\\\\"i\~\\jS\͖͆Kөme6xp;g7=L̦nJ9w}cG\gR\Y\ub0,\yr?+&͇T;õ|\r\ba;\f%\ib4>0=\dÓ\?VF<*U݈ToC\:L\\?dR\7\-\.*\i\|Ѷ7Nx*D\`	\\C\?\\So\*\\,E9\K\3~7\|z%\aZg&G\\}\\D\\63W\~\n\\\[5tV\rUC\j\\ZV\rY\!%a?\}\\\\U\\\DGs<\LSTo:\3\۹a\0\#@w\\\\\a\\<?{q\'k<ZjE\\fY\\e3\L<2\\4i-qix\\s$T>\̾\?CIÏ祩#5fbnJ\\\/.ՒG,I4s]yF$dN\|\sŜrb\AM%etJ07lN\\YB<|k\"IR\Lh]?/INY]S,?܈XHy%%\'b}bտ6\,a\hF5D5hj\Zр\4q\\'ո\4qiD\V\۽(M\c\\ݥT\D\~L\<ge{\s\\\<g\Ed\j7c\}ƶY%/\=\1mCZ\\)b\el\@whT\\\\l\\o[L6+zfN0\\\3lko\"/\lЌ%\\r\\I\߱-^g%\\\H^J?Ҥ᫗%\uY؛MIxBG\kC+I\'\MV[+\ \׷3Dl\{\$n_ߥLȈnqu{ݫ)3\\\0?T)>|w^\\"8{!\\\Cv)2I%D$\ 9Z\?\T<\强\D\	Kբ[:/>\C\Z\\BT\'9\r\\<\꾫\\\ҞK]M\L\_\"X5\\_\\\\\^JV\{	5Gk/j*$\\0d#\r4+(\w\p\X)9\G.21,J	¨40Rߡ\ߦ\߫S\0j80yfaT\¨晅Qͳ/\\"\\ 會;\d%O*g\sFp\\jf-QYu7Ҝ\\nG%O>%\aQ\(R)sk\ܽwm_}w\$BɄ\}\\zyR=N{ވ&\\~3>\.\w\7\4\\\/Ma<t\Q0\{\;\+ȓ\\\*y\'c$lC\H\ӝ\6?|ac\D8m?\Z\3N\f\&ٶlmh\*\EPn\w3?\\"?c\'?6࿄9cmos\v\)sR\yN\\\\Q#\,\\\\Ə\w\	ȏ蔉ᨔ\t\M~D\$\G<\"\\e+ %$[X~ڨ6j2*2*\nhBڨp3*\ƇRB\n)hBڨ6*D\nh\\AFQ!mT@ծ{\\\n\C\n)!FQ!mT@\"\FQ!eTdTHA\"\FQG\rÍ\n\qF!FB\nڨ6*D\nhBڨ2*2*\nhBڨba\xQa|Q!%Ĩ6*D\nhBڨ6*D\n\n)hBڨ\6?\K\\G\;_;\}\EuG{\gu\RQデG\\S)=E\\r\-\\?\\\{~\R,f\n\\]#9\)\F\"\m`\yܖ}\Hp<nK֗\R\\'x\	o\\N8\\\n\\N \|\D&9>\8N\\\6©\6-V\t\U4?z~BW^^X?\n&5V\p	X!!Hj	\Z0ab\J\r	XÓ$5K\rQRCT\P\ZRCV\d/&\\j\n\Z¤;Ԑ\ZRCB\\0.5DK\rQaR*-5$`Ԑ$5K\rQRCT\,ʎ\(p\\"\	\@\\rv%\':Zr\\j9ZrE\\'t\O@\\\\\\nQaR㪥&Í\\'`\UK^q\RԸjUj\\\\ZW-5IO\~BԸjUj\\\*5ZK\UKMR㪥&{pq\RԸj\/5Zj\ZW-5I\UK^q\RԸjUj\\\\ZW-5I\UKMR\%ԸjUj\\\*5Z\!\+&)\ˈ\\X(Y/\'|\r^(\'\ޠrWm\O\cf\y\\)\^\'2\'Q\af\\rmբ\rM\\V\\w;h7Q\o}ݰ\jmGp\zH\U}ngZ]	\\gk\1<\\\\:	\\\\TV?\\rx.\i\*~Ky˪O\\\\сʂW\Oo\\\6M{\\\T/\mw}\)irQ\pۛYo뿊O\0\0\0PK\0\0\0\0\0!\0\\n)NN\0\0~\0\0\0\0\0word/webSettings.xml\_k\0\0Cɻ\)Va\^\`\\Ն%\\\کsb\.!\\\\\rS\X\\\j0	E\e\C.@b7Y\WOR\\\\T1֙+pX\\Sa#\n\z\\*&\\8M\k,K\ց]`YDO\5\h\r\q\s\3\	\8\bu\n\\/0\/]?cv0$G;\\LO)Μ%sP2>ޫlcUT\\\~IMN\޵w\t\ڲį\%ܶ\\\uC\u\m	b\h\rA\\G\?f\r\0\0\0PK\0\0\0\0\0!\0c\0\0\0\0\0\0\0word/fontTable.xmlܓۊ\0\}e簩Yg\(^,\Pd9\h8yd\'\r\B\[Gy\\\U5%\&$\p[I-\\ݒ$\F\(<޿{\\\Z	\(4/I\}[)Fh\\n\:\<mk\\-r#\4tA{\ֵ\\\;-\n\@#[8Ѻ\:\\Y.\0gzfҜ1\\\n%wl\\'\\PQDazF\J_8@~Xpq\X3/9\Z\Y9\^1\0|Ռ\\'_Ӑ\<k4D1w\#͋/[c\($\_O\%\\xĥ8D=@V\($]a\\OLɍ1\2cAd\3U\aM\4\;I\F\0\"@k:T\$@h\\I\3\'C\}\;\В<\(͟\k\+V\;\?\rJ2=+4(<r\k\sx\\7\ށ+\'>bY\OtND7\T\\ë\oK^f\#9:2\\1\'d:\#Ì$_\7\'%\\:)\V?\0\0\0PK\0\0\0\0\0!\0(ǁ\0\0\0\0\0docProps/core.xml (\0\0\0\0\0\0\0\0\0\0\0\0\0\0\0\0\0\0\0\0\0\0\0\0\0\0\0\0\0\0\0\0\0\0\0\0\0\0\0\0\0\0\0\0\0\0\0\0\0\0\0\0\0\0\0\0\0\0\0\0\0\0\0\0\0\0\0\0\0\0\0\0\0\0\0\0\0\0\0\0\0\0\0\0\0\0\0\0\0\0\0\0\0\0\0\0\0\0\0\0\0\0\0\0\0\0\0\0\0\0\0\0\0\0\0\0\0\0\0\0\0\0\0\0\0\0\0\0\0\0\0\0\0\0\0\0\0\0\0\0\0\0\0\0\0\0\0\0\0\0\0\0\0\0\0\0\0\0\0\0\0\0\0\0\0\0\0\0\0\0\0\0\0\0\0\0\0\0\0\0\0\0\0\0\0\0\0\0\0\0\0\0\0\0\0\0\0\0\0\0\0\0\0\0\0\0\0\0\0\0\0\0\0\0\0\0\0\0\0\0\0\0\0\0\0\0\0\0\0\0\0\0\0\0\0\0\0\0\0\0\0\0\0\0\0\0\0\0\0\0\0\0\0\0\0\0\0N\0w$\!8iBQJ:Q	\"i\X۴\\n ^()\\|\w\x\3g\rJB$(|䀠\b\ؽ@6D0F\\ILeD\X%#*0FFkh\\gʉcI\\|s0Cp-\\N\$\$\Je\02\A/ր\ц̹\J8\Ѽ˲ʰA\~\\5WuҘ\\pA\Z\Ch#z~j\\.1U@L\\ޝ\z>/7\^;mY(J/Mƾg;w`\h3<\.\\\\Nk^t\]\Z\LoW\X\\}\!Q:럻a0QFTo\\?\x\W\F?l\0\0\0PK\0\0\0\0\0!\0z\'m\0\0\\0\0\0docProps/app.xml (\0\0\0\0\0\0\0\0\0\0\0\0\0\0\0\0\0\0\0\0\0\0\0\0\0\0\0\0\0\0\0\0\0\0\0\0\0\0\0\0\0\0\0\0\0\0\0\0\0\0\0\0\0\0\0\0\0\0\0\0\0\0\0\0\0\0\0\0\0\0\0\0\0\0\0\0\0\0\0\0\0\0\0\0\0\0\0\0\0\0\0\0\0\0\0\0\0\0\0\0\0\0\0\0\0\0\0\0\0\0\0\0\0\0\0\0\0\0\0\0\0\0\0\0\0\0\0\0\0\0\0\0\0\0\0\0\0\0\0\0\0\0\0\0\0\0\0\0\0\0\0\0\0\0\0\0\0\0\0\0\0\0\0\0\0\0\0\0\0\0\0\0\0\0\0\0\0\0\0\0\0\0\0\0\0\0\0\0\0\0\0\0\0\0\0\0\0\0\0\0\0\0\0\0\0\0\0\0\0\0\0\0\0\0\0\0\0\0\0\0\0\0\0\0\0\0\0\0\0\0\0\0\0\0\0\0\0\0\0\0\0\0\0\0\0\0\0\0\0\0\0\0\0\0\0\0\0R\N\0#\ӂ\0U[W\KjhϖI,۲݊=!>\\zGc\\5\C\\.\lrw\$m)d\'l%\\\%8!iIظdMJ~yT\r2NmS\\D0\\UVq\ТM|\W\\ˉY8Nu\8y\P`\L(I| pIB(fD\0^d\.Q\\\X72H(:1>p\\J&\T<j\\tUʞ?f\8 [T\I\\\m\\n\7_\[%\rimQIk\ziI\\W_M\\\or\^f\\"x\Q\bIt4kk,\mt\/)fWӜ\g`\=\0\0\0PK-\0\0\0\0\0\0!\0ߤ\lZ\0\0 \0\0\0\0\0\0\0\0\0\0\0\0\0\0\0\0\0\0\0[Content_Types].xmlPK-\0\0\0\0\0\0!\0\Z\\0\0\0N\0\0\0\0\0\0\0\0\0\0\0\0\0\0\0\0\0_rels/.relsPK-\0\0\0\0\0\0!\0\Q<\0\0\0\0\0\0\0\0\0\0\0\0\0\0\0\0\0\0\0word/document.xmlPK-\0\0\0\0\0\0!\0\dQ\0\0\01\0\0\0\0\0\0\0\0\0\0\0\0\0\0\0\n\0\0word/_rels/document.xml.relsPK-\0\0\0\0\0\0!\0g\\0\0\ \0\0\0\0\0\0\0\0\0\0\0\0\0\0\0T\0\0word/theme/theme1.xmlPK-\0\0\0\0\0\0!\0\'v\0\0\\0\0\0\0\0\0\0\0\0\0\0\0\0\0\0Y\0\0word/settings.xmlPK-\0\0\0\0\0\0!\0{ע\0\0Os\0\0\0\0\0\0\0\0\0\0\0\0\0\0\0\0\0word/styles.xmlPK-\0\0\0\0\0\0!\0\\n)NN\0\0~\0\0\0\0\0\0\0\0\0\0\0\0\0\0\0o#\0\0word/webSettings.xmlPK-\0\0\0\0\0\0!\0c\0\0\0\0\0\0\0\0\0\0\0\0\0\0\0\0\0\$\0\0word/fontTable.xmlPK-\0\0\0\0\0\0!\0(ǁ\0\0\0\0\0\0\0\0\0\0\0\0\0\0\0\0\0\"\'\0\0docProps/core.xmlPK-\0\0\0\0\0\0!\0z\'m\0\0\\0\0\0\0\0\0\0\0\0\0\0\0\0\0\0\)\0\0docProps/app.xmlPK\0\0\0\0\0\0\0\0},\0\0\0\0','C:\\\\Test\\\\keeping _afile.docx'),('cdc',_binary 'calming tune slow speaking \r\npause before important \r\ndoesnt look at the screen \r\nthe presentaion \r\njokes ','C:');
/*!40000 ALTER TABLE `manual_exam` ENABLE KEYS */;
UNLOCK TABLES;

--
-- Table structure for table `professor_subject`
--

DROP TABLE IF EXISTS `professor_subject`;
/*!40101 SET @saved_cs_client     = @@character_set_client */;
/*!50503 SET character_set_client = utf8mb4 */;
CREATE TABLE `professor_subject` (
  `professor_id` varchar(45) NOT NULL,
  `subject_id` varchar(45) NOT NULL,
  PRIMARY KEY (`professor_id`,`subject_id`),
  KEY `professor_subject_idx` (`subject_id`),
  CONSTRAINT `professor_subject_professor_id` FOREIGN KEY (`professor_id`) REFERENCES `users` (`user_id`),
  CONSTRAINT `professor_subject_subject_id` FOREIGN KEY (`subject_id`) REFERENCES `subject` (`subject_id`)
) ENGINE=InnoDB DEFAULT CHARSET=utf8mb4 COLLATE=utf8mb4_0900_ai_ci;
/*!40101 SET character_set_client = @saved_cs_client */;

--
-- Dumping data for table `professor_subject`
--

LOCK TABLES `professor_subject` WRITE;
/*!40000 ALTER TABLE `professor_subject` DISABLE KEYS */;
INSERT INTO `professor_subject` VALUES ('209146943','01'),('315730176','01'),('209146943','02'),('315730176','02'),('315730176','04');
/*!40000 ALTER TABLE `professor_subject` ENABLE KEYS */;
UNLOCK TABLES;

--
-- Table structure for table `question`
--

DROP TABLE IF EXISTS `question`;
/*!40101 SET @saved_cs_client     = @@character_set_client */;
/*!50503 SET character_set_client = utf8mb4 */;
CREATE TABLE `question` (
  `question_number` varchar(4) NOT NULL,
  `subject_id` varchar(45) NOT NULL,
  `id` varchar(6) NOT NULL,
  `question_text` text,
  `professor_full_name` varchar(45) DEFAULT NULL,
  `professor_id` varchar(45) NOT NULL,
  `correct_answer` varchar(2) NOT NULL,
  `answer1` varchar(45) DEFAULT NULL,
  `answer2` varchar(45) DEFAULT NULL,
  `answer3` varchar(45) DEFAULT NULL,
  `answer4` varchar(45) DEFAULT NULL,
  PRIMARY KEY (`question_number`,`subject_id`,`id`,`professor_id`),
  KEY `question_professor_first_name_idx` (`professor_full_name`),
  KEY `question_subject_id_idx` (`subject_id`),
  KEY `question_professor_id_idx` (`professor_id`),
  KEY `question_id_index` (`id`),
  CONSTRAINT `question_professor_id` FOREIGN KEY (`professor_id`) REFERENCES `professor_subject` (`professor_id`),
  CONSTRAINT `question_subject_id` FOREIGN KEY (`subject_id`) REFERENCES `professor_subject` (`subject_id`)
) ENGINE=InnoDB DEFAULT CHARSET=utf8mb4 COLLATE=utf8mb4_0900_ai_ci;
/*!40101 SET character_set_client = @saved_cs_client */;

--
-- Dumping data for table `question`
--

LOCK TABLES `question` WRITE;
/*!40000 ALTER TABLE `question` DISABLE KEYS */;
INSERT INTO `question` VALUES ('001','01','01001','1 + 1 = ?','Daniel Armaganian','209146943','2','1','2','3','4'),('002','02','02002','What is the time complexity of merge sort algorithm?','Daniel Armaganian','209146943','2','O(Logn)','O(nLogn)','O(n^2)','O(n)'),('003','01','01003','solve for x:\n4x + 2 = 6\nx = ?','Daniel Armaganian','209146943','1','2','1','3','4'),('004','02','02004','Which of the following is not an OOP question?','Daniel Armaganian','209146943','3','Ruby','C','C++','Java');
/*!40000 ALTER TABLE `question` ENABLE KEYS */;
UNLOCK TABLES;

--
-- Table structure for table `question_course`
--

DROP TABLE IF EXISTS `question_course`;
/*!40101 SET @saved_cs_client     = @@character_set_client */;
/*!50503 SET character_set_client = utf8mb4 */;
CREATE TABLE `question_course` (
  `question_id` varchar(6) NOT NULL,
  `course_id` varchar(45) NOT NULL,
  PRIMARY KEY (`question_id`,`course_id`),
  KEY `question_course_course_id_idx` (`course_id`),
  CONSTRAINT `question_course_course_id` FOREIGN KEY (`course_id`) REFERENCES `course` (`course_id`),
  CONSTRAINT `question_course_question_id` FOREIGN KEY (`question_id`) REFERENCES `question` (`id`) ON DELETE CASCADE ON UPDATE CASCADE
) ENGINE=InnoDB DEFAULT CHARSET=utf8mb4 COLLATE=utf8mb4_0900_ai_ci;
/*!40101 SET character_set_client = @saved_cs_client */;

--
-- Dumping data for table `question_course`
--

LOCK TABLES `question_course` WRITE;
/*!40000 ALTER TABLE `question_course` DISABLE KEYS */;
INSERT INTO `question_course` VALUES ('01001','01'),('01003','01'),('01003','02'),('02002','03'),('02004','05');
/*!40000 ALTER TABLE `question_course` ENABLE KEYS */;
UNLOCK TABLES;

--
-- Table structure for table `student_course`
--

DROP TABLE IF EXISTS `student_course`;
/*!40101 SET @saved_cs_client     = @@character_set_client */;
/*!50503 SET character_set_client = utf8mb4 */;
CREATE TABLE `student_course` (
  `student_id` varchar(45) NOT NULL,
  `course_id` varchar(45) NOT NULL,
  PRIMARY KEY (`student_id`,`course_id`),
  KEY `student_course_course_id_idx` (`course_id`),
  CONSTRAINT `student_course_course_id` FOREIGN KEY (`course_id`) REFERENCES `course` (`course_id`),
  CONSTRAINT `student_course_student_id` FOREIGN KEY (`student_id`) REFERENCES `users` (`user_id`)
) ENGINE=InnoDB DEFAULT CHARSET=utf8mb4 COLLATE=utf8mb4_0900_ai_ci;
/*!40101 SET character_set_client = @saved_cs_client */;

--
-- Dumping data for table `student_course`
--

LOCK TABLES `student_course` WRITE;
/*!40000 ALTER TABLE `student_course` DISABLE KEYS */;
INSERT INTO `student_course` VALUES ('200000000','01'),('200000001','01'),('200000000','02');
/*!40000 ALTER TABLE `student_course` ENABLE KEYS */;
UNLOCK TABLES;

--
-- Table structure for table `student_exam_merge_with_garde`
--

DROP TABLE IF EXISTS `student_exam_merge_with_garde`;
/*!40101 SET @saved_cs_client     = @@character_set_client */;
/*!50503 SET character_set_client = utf8mb4 */;
CREATE TABLE `student_exam_merge_with_garde` (
  `student_id` varchar(45) NOT NULL,
  `exam_id` varchar(45) NOT NULL,
  `correct_answer` varchar(45) DEFAULT NULL,
  `wrong_answer` varchar(45) DEFAULT NULL,
  `exam_grade` int DEFAULT NULL,
  `exam_comment` varchar(45) DEFAULT NULL,
  `is_confirmed` varchar(2) DEFAULT NULL,
  PRIMARY KEY (`student_id`,`exam_id`),
  KEY `exam_id_idx` (`exam_id`),
  CONSTRAINT `exam_id` FOREIGN KEY (`exam_id`) REFERENCES `exam` (`exam_id`) ON DELETE CASCADE ON UPDATE CASCADE,
  CONSTRAINT `student_exam_student` FOREIGN KEY (`student_id`) REFERENCES `student_course` (`student_id`)
) ENGINE=InnoDB DEFAULT CHARSET=utf8mb4 COLLATE=utf8mb4_0900_ai_ci;
/*!40101 SET character_set_client = @saved_cs_client */;

--
-- Dumping data for table `student_exam_merge_with_garde`
--

LOCK TABLES `student_exam_merge_with_garde` WRITE;
/*!40000 ALTER TABLE `student_exam_merge_with_garde` DISABLE KEYS */;
INSERT INTO `student_exam_merge_with_garde` VALUES ('200000001','010101','1,2',NULL,100,'none','1'),('200000001','010103','1,2,3',NULL,80,'none','1');
/*!40000 ALTER TABLE `student_exam_merge_with_garde` ENABLE KEYS */;
UNLOCK TABLES;

--
-- Table structure for table `student_grade`
--

DROP TABLE IF EXISTS `student_grade`;
/*!40101 SET @saved_cs_client     = @@character_set_client */;
/*!50503 SET character_set_client = utf8mb4 */;
CREATE TABLE `student_grade` (
  `student_id` varchar(45) NOT NULL,
  `exam_id` varchar(7) NOT NULL,
  `exam_grade` int DEFAULT NULL,
  `exam_comment` text,
  `isConfirmed` int DEFAULT NULL,
  PRIMARY KEY (`student_id`,`exam_id`),
  KEY `student_grade_exam_id_idx` (`exam_id`),
  CONSTRAINT `student_grade_exam_id` FOREIGN KEY (`exam_id`) REFERENCES `exam` (`exam_id`),
  CONSTRAINT `student_grade_student_id` FOREIGN KEY (`student_id`) REFERENCES `student_question_remove` (`student_id`)
) ENGINE=InnoDB DEFAULT CHARSET=utf8mb4 COLLATE=utf8mb4_0900_ai_ci;
/*!40101 SET character_set_client = @saved_cs_client */;

--
-- Dumping data for table `student_grade`
--

LOCK TABLES `student_grade` WRITE;
/*!40000 ALTER TABLE `student_grade` DISABLE KEYS */;
/*!40000 ALTER TABLE `student_grade` ENABLE KEYS */;
UNLOCK TABLES;

--
-- Table structure for table `student_question_remove`
--

DROP TABLE IF EXISTS `student_question_remove`;
/*!40101 SET @saved_cs_client     = @@character_set_client */;
/*!50503 SET character_set_client = utf8mb4 */;
CREATE TABLE `student_question_remove` (
  `student_id` varchar(45) NOT NULL,
  `exam_id` varchar(45) NOT NULL,
  `question_id` varchar(6) NOT NULL,
  `answer` int DEFAULT NULL,
  PRIMARY KEY (`student_id`,`exam_id`,`question_id`),
  KEY `student_question_question_id_idx` (`question_id`),
  KEY `student_question_exam_question_idx` (`exam_id`),
  CONSTRAINT `student_question_exam_question` FOREIGN KEY (`exam_id`) REFERENCES `exam` (`exam_id`) ON DELETE CASCADE ON UPDATE CASCADE,
  CONSTRAINT `student_question_question_id` FOREIGN KEY (`question_id`) REFERENCES `question` (`id`),
  CONSTRAINT `student_question_student_id` FOREIGN KEY (`student_id`) REFERENCES `student_course` (`student_id`)
) ENGINE=InnoDB DEFAULT CHARSET=utf8mb4 COLLATE=utf8mb4_0900_ai_ci;
/*!40101 SET character_set_client = @saved_cs_client */;

--
-- Dumping data for table `student_question_remove`
--

LOCK TABLES `student_question_remove` WRITE;
/*!40000 ALTER TABLE `student_question_remove` DISABLE KEYS */;
/*!40000 ALTER TABLE `student_question_remove` ENABLE KEYS */;
UNLOCK TABLES;

--
-- Table structure for table `subject`
--

DROP TABLE IF EXISTS `subject`;
/*!40101 SET @saved_cs_client     = @@character_set_client */;
/*!50503 SET character_set_client = utf8mb4 */;
CREATE TABLE `subject` (
  `subject_id` varchar(45) NOT NULL,
  `subject_name` varchar(45) NOT NULL,
  PRIMARY KEY (`subject_id`,`subject_name`)
) ENGINE=InnoDB DEFAULT CHARSET=utf8mb4 COLLATE=utf8mb4_0900_ai_ci;
/*!40101 SET character_set_client = @saved_cs_client */;

--
-- Dumping data for table `subject`
--

LOCK TABLES `subject` WRITE;
/*!40000 ALTER TABLE `subject` DISABLE KEYS */;
INSERT INTO `subject` VALUES ('01','Mathematics'),('02','Computer Science'),('03','Physics'),('04','Chemistry');
/*!40000 ALTER TABLE `subject` ENABLE KEYS */;
UNLOCK TABLES;

--
-- Table structure for table `users`
--

DROP TABLE IF EXISTS `users`;
/*!40101 SET @saved_cs_client     = @@character_set_client */;
/*!50503 SET character_set_client = utf8mb4 */;
CREATE TABLE `users` (
  `user_id` varchar(45) NOT NULL,
  `first_name` varchar(45) NOT NULL,
  `last_name` varchar(45) NOT NULL,
  `email` varchar(45) NOT NULL,
  `username` varchar(45) NOT NULL,
  `password` varchar(45) NOT NULL,
  `role` varchar(45) DEFAULT NULL,
  `isLogged` int DEFAULT '0',
  PRIMARY KEY (`user_id`,`username`)
) ENGINE=InnoDB DEFAULT CHARSET=utf8mb4 COLLATE=utf8mb4_0900_ai_ci;
/*!40101 SET character_set_client = @saved_cs_client */;

--
-- Dumping data for table `users`
--

LOCK TABLES `users` WRITE;
/*!40000 ALTER TABLE `users` DISABLE KEYS */;
INSERT INTO `users` VALUES ('200000000','Test','Testovich','test@gmail.com','test','123456','student',0),('200000001','Almog','Kadosh','almod@gmai.com','almog','123456','student',0),('209146943','Daniel','Armaganian','daniarmag@gmail.com','daniel','123456','professor',0),('315730176','Tzahi','Bakal','tzahi.bakal@gmail.com','tzahi','123456','professor',0),('319003935','Matan','Czuckermann','cz.matan@gmail.com','matan','123456','head',0);
/*!40000 ALTER TABLE `users` ENABLE KEYS */;
UNLOCK TABLES;
/*!40103 SET TIME_ZONE=@OLD_TIME_ZONE */;

/*!40101 SET SQL_MODE=@OLD_SQL_MODE */;
/*!40014 SET FOREIGN_KEY_CHECKS=@OLD_FOREIGN_KEY_CHECKS */;
/*!40014 SET UNIQUE_CHECKS=@OLD_UNIQUE_CHECKS */;
/*!40101 SET CHARACTER_SET_CLIENT=@OLD_CHARACTER_SET_CLIENT */;
/*!40101 SET CHARACTER_SET_RESULTS=@OLD_CHARACTER_SET_RESULTS */;
/*!40101 SET COLLATION_CONNECTION=@OLD_COLLATION_CONNECTION */;
/*!40111 SET SQL_NOTES=@OLD_SQL_NOTES */;

-- Dump completed on 2023-06-08 14:20:25
