-- MySQL dump 10.13  Distrib 8.0.32, for Win64 (x86_64)
--
-- Host: 127.0.0.1    Database: cems
-- ------------------------------------------------------
-- Server version	8.0.32

/*!40101 SET @OLD_CHARACTER_SET_CLIENT=@@CHARACTER_SET_CLIENT */;
/*!40101 SET @OLD_CHARACTER_SET_RESULTS=@@CHARACTER_SET_RESULTS */;
/*!40101 SET @OLD_COLLATION_CONNECTION=@@COLLATION_CONNECTION */;
/*!50503 SET NAMES utf8 */;
/*!40103 SET @OLD_TIME_ZONE=@@TIME_ZONE */;
/*!40103 SET TIME_ZONE='+00:00' */;
/*!40014 SET @OLD_UNIQUE_CHECKS=@@UNIQUE_CHECKS, UNIQUE_CHECKS=0 */;
/*!40014 SET @OLD_FOREIGN_KEY_CHECKS=@@FOREIGN_KEY_CHECKS, FOREIGN_KEY_CHECKS=0 */;
/*!40101 SET @OLD_SQL_MODE=@@SQL_MODE, SQL_MODE='NO_AUTO_VALUE_ON_ZERO' */;
/*!40111 SET @OLD_SQL_NOTES=@@SQL_NOTES, SQL_NOTES=0 */;

--
-- Table structure for table `course`
--

DROP TABLE IF EXISTS `course`;
/*!40101 SET @saved_cs_client     = @@character_set_client */;
/*!50503 SET character_set_client = utf8mb4 */;
CREATE TABLE `course` (
  `course_id` varchar(45) NOT NULL,
  `course_name` varchar(45) NOT NULL,
  `course_subject_id` varchar(45) DEFAULT NULL,
  PRIMARY KEY (`course_id`),
  KEY `course_course_subject_id_idx` (`course_subject_id`),
  CONSTRAINT `course_course_subject_id` FOREIGN KEY (`course_subject_id`) REFERENCES `subject` (`subject_id`)
) ENGINE=InnoDB DEFAULT CHARSET=utf8mb4 COLLATE=utf8mb4_0900_ai_ci;
/*!40101 SET character_set_client = @saved_cs_client */;

--
-- Dumping data for table `course`
--

LOCK TABLES `course` WRITE;
/*!40000 ALTER TABLE `course` DISABLE KEYS */;
INSERT INTO `course` VALUES ('01','Algebra1','01'),('02','Algebra2','01'),('03','Data Stracture','02'),('04','C Programming','02'),('05','OOP','02'),('06','Physics1','03'),('07','Organic Chemistry','04'),('08','Calculus1','01');
/*!40000 ALTER TABLE `course` ENABLE KEYS */;
UNLOCK TABLES;

--
-- Table structure for table `department`
--

DROP TABLE IF EXISTS `department`;
/*!40101 SET @saved_cs_client     = @@character_set_client */;
/*!50503 SET character_set_client = utf8mb4 */;
CREATE TABLE `department` (
  `department_id` varchar(45) NOT NULL,
  `department_name` varchar(45) NOT NULL,
  PRIMARY KEY (`department_id`)
) ENGINE=InnoDB DEFAULT CHARSET=utf8mb4 COLLATE=utf8mb4_0900_ai_ci;
/*!40101 SET character_set_client = @saved_cs_client */;

--
-- Dumping data for table `department`
--

LOCK TABLES `department` WRITE;
/*!40000 ALTER TABLE `department` DISABLE KEYS */;
INSERT INTO `department` VALUES ('1','Software Engineering'),('2','Information Systems Engineering'),('3','Industrial Engineering');
/*!40000 ALTER TABLE `department` ENABLE KEYS */;
UNLOCK TABLES;

--
-- Table structure for table `exam`
--

DROP TABLE IF EXISTS `exam`;
/*!40101 SET @saved_cs_client     = @@character_set_client */;
/*!50503 SET character_set_client = utf8mb4 */;
CREATE TABLE `exam` (
  `exam_number` int NOT NULL AUTO_INCREMENT,
  `subject_id` varchar(45) NOT NULL,
  `course_id` varchar(45) NOT NULL,
  `exam_id` varchar(7) NOT NULL,
  `time` int DEFAULT NULL,
  `examinees_notes` text,
  `professor_notes` text,
  `professor_full_name` varchar(45) DEFAULT NULL,
  `professor_id` varchar(45) DEFAULT NULL,
  `password` varchar(5) DEFAULT NULL,
  `exam_type` varchar(45) DEFAULT NULL,
  `isActive` int DEFAULT NULL,
  PRIMARY KEY (`exam_number`,`exam_id`),
  KEY `exam_subject_id_idx` (`subject_id`),
  KEY `exam_course_id_idx` (`course_id`),
  KEY `exam_professor_id_idx` (`professor_id`),
  KEY `idx_exam_id` (`exam_id`),
  CONSTRAINT `exam_course_id` FOREIGN KEY (`course_id`) REFERENCES `question_course` (`course_id`),
  CONSTRAINT `exam_professor_id` FOREIGN KEY (`professor_id`) REFERENCES `professor_subject` (`professor_id`),
  CONSTRAINT `exam_subject_id` FOREIGN KEY (`subject_id`) REFERENCES `question` (`subject_id`)
) ENGINE=InnoDB AUTO_INCREMENT=2 DEFAULT CHARSET=utf8mb4 COLLATE=utf8mb4_0900_ai_ci;
/*!40101 SET character_set_client = @saved_cs_client */;

--
-- Dumping data for table `exam`
--

LOCK TABLES `exam` WRITE;
/*!40000 ALTER TABLE `exam` DISABLE KEYS */;
/*!40000 ALTER TABLE `exam` ENABLE KEYS */;
UNLOCK TABLES;

--
-- Table structure for table `exam_question`
--

DROP TABLE IF EXISTS `exam_question`;
/*!40101 SET @saved_cs_client     = @@character_set_client */;
/*!50503 SET character_set_client = utf8mb4 */;
CREATE TABLE `exam_question` (
  `exam_id` varchar(7) NOT NULL,
  `question_id` varchar(6) NOT NULL,
  `score` int DEFAULT NULL,
  PRIMARY KEY (`exam_id`,`question_id`),
  KEY `exam_question_question_id_idx` (`question_id`) /*!80000 INVISIBLE */,
  KEY `exam_question_exam_id_idx` (`exam_id`),
  CONSTRAINT `exam_question_exam_id` FOREIGN KEY (`exam_id`) REFERENCES `exam` (`exam_id`),
  CONSTRAINT `exam_question_question_id` FOREIGN KEY (`question_id`) REFERENCES `question` (`id`)
) ENGINE=InnoDB DEFAULT CHARSET=utf8mb4 COLLATE=utf8mb4_0900_ai_ci;
/*!40101 SET character_set_client = @saved_cs_client */;

--
-- Dumping data for table `exam_question`
--

LOCK TABLES `exam_question` WRITE;
/*!40000 ALTER TABLE `exam_question` DISABLE KEYS */;
/*!40000 ALTER TABLE `exam_question` ENABLE KEYS */;
UNLOCK TABLES;

--
-- Table structure for table `exam_stats`
--

DROP TABLE IF EXISTS `exam_stats`;
/*!40101 SET @saved_cs_client     = @@character_set_client */;
/*!50503 SET character_set_client = utf8mb4 */;
CREATE TABLE `exam_stats` (
  `exam_id` varchar(7) NOT NULL,
  `date` varchar(45) DEFAULT NULL,
  `time` int DEFAULT NULL,
  `actual_time` int DEFAULT NULL,
  `no. student` int DEFAULT NULL,
  `no. completed` int DEFAULT NULL,
  `no. uncomplete` int DEFAULT NULL,
  PRIMARY KEY (`exam_id`),
  CONSTRAINT `exam_stats_exam_id` FOREIGN KEY (`exam_id`) REFERENCES `exam` (`exam_id`)
) ENGINE=InnoDB DEFAULT CHARSET=utf8mb4 COLLATE=utf8mb4_0900_ai_ci;
/*!40101 SET character_set_client = @saved_cs_client */;

--
-- Dumping data for table `exam_stats`
--

LOCK TABLES `exam_stats` WRITE;
/*!40000 ALTER TABLE `exam_stats` DISABLE KEYS */;
/*!40000 ALTER TABLE `exam_stats` ENABLE KEYS */;
UNLOCK TABLES;

--
-- Table structure for table `professor_department`
--

DROP TABLE IF EXISTS `professor_department`;
/*!40101 SET @saved_cs_client     = @@character_set_client */;
/*!50503 SET character_set_client = utf8mb4 */;
CREATE TABLE `professor_department` (
  `professor_id` varchar(45) NOT NULL,
  `department_id` varchar(45) NOT NULL,
  PRIMARY KEY (`professor_id`,`department_id`),
  KEY `department_professor_id_idx` (`department_id`),
  CONSTRAINT `professor_department_department_id` FOREIGN KEY (`department_id`) REFERENCES `department` (`department_id`),
  CONSTRAINT `professor_department_professor_id` FOREIGN KEY (`professor_id`) REFERENCES `users` (`user_id`)
) ENGINE=InnoDB DEFAULT CHARSET=utf8mb4 COLLATE=utf8mb4_0900_ai_ci;
/*!40101 SET character_set_client = @saved_cs_client */;

--
-- Dumping data for table `professor_department`
--

LOCK TABLES `professor_department` WRITE;
/*!40000 ALTER TABLE `professor_department` DISABLE KEYS */;
/*!40000 ALTER TABLE `professor_department` ENABLE KEYS */;
UNLOCK TABLES;

--
-- Table structure for table `professor_subject`
--

DROP TABLE IF EXISTS `professor_subject`;
/*!40101 SET @saved_cs_client     = @@character_set_client */;
/*!50503 SET character_set_client = utf8mb4 */;
CREATE TABLE `professor_subject` (
  `professor_id` varchar(45) NOT NULL,
  `subject_id` varchar(45) NOT NULL,
  PRIMARY KEY (`professor_id`,`subject_id`),
  KEY `professor_subject_idx` (`subject_id`),
  CONSTRAINT `professor_subject_professor_id` FOREIGN KEY (`professor_id`) REFERENCES `users` (`user_id`),
  CONSTRAINT `professor_subject_subject_id` FOREIGN KEY (`subject_id`) REFERENCES `subject` (`subject_id`)
) ENGINE=InnoDB DEFAULT CHARSET=utf8mb4 COLLATE=utf8mb4_0900_ai_ci;
/*!40101 SET character_set_client = @saved_cs_client */;

--
-- Dumping data for table `professor_subject`
--

LOCK TABLES `professor_subject` WRITE;
/*!40000 ALTER TABLE `professor_subject` DISABLE KEYS */;
INSERT INTO `professor_subject` VALUES ('209146943','01'),('315730176','01'),('209146943','02'),('315730176','02'),('319003935','03'),('315730176','04'),('319003935','04');
/*!40000 ALTER TABLE `professor_subject` ENABLE KEYS */;
UNLOCK TABLES;

--
-- Table structure for table `question`
--

DROP TABLE IF EXISTS `question`;
/*!40101 SET @saved_cs_client     = @@character_set_client */;
/*!50503 SET character_set_client = utf8mb4 */;
CREATE TABLE `question` (
  `question_number` varchar(4) NOT NULL,
  `subject_id` varchar(45) NOT NULL,
  `id` varchar(6) NOT NULL,
  `question_text` text,
  `professor_full_name` varchar(45) DEFAULT NULL,
  `professor_id` varchar(45) NOT NULL,
  `correct_answer` varchar(45) DEFAULT NULL,
  `answer1` varchar(45) DEFAULT NULL,
  `answer2` varchar(45) DEFAULT NULL,
  `answer3` varchar(45) DEFAULT NULL,
  `answer4` varchar(45) DEFAULT NULL,
  PRIMARY KEY (`question_number`,`subject_id`,`id`,`professor_id`),
  KEY `question_professor_first_name_idx` (`professor_full_name`),
  KEY `question_subject_id_idx` (`subject_id`),
  KEY `question_professor_id_idx` (`professor_id`),
  KEY `question_id_index` (`id`),
  CONSTRAINT `question_professor_id` FOREIGN KEY (`professor_id`) REFERENCES `professor_subject` (`professor_id`),
  CONSTRAINT `question_subject_id` FOREIGN KEY (`subject_id`) REFERENCES `professor_subject` (`subject_id`)
) ENGINE=InnoDB DEFAULT CHARSET=utf8mb4 COLLATE=utf8mb4_0900_ai_ci;
/*!40101 SET character_set_client = @saved_cs_client */;

--
-- Dumping data for table `question`
--

LOCK TABLES `question` WRITE;
/*!40000 ALTER TABLE `question` DISABLE KEYS */;
INSERT INTO `question` VALUES ('001','01','01001','1 + 1 = ?','Daniel Armaganian','209146943','2','1','2','3','4'),('002','02','02002','What is the time complexity of merge sort algorithm?','Daniel Armaganian','209146943','O(nLogn)','O(Logn)','O(nLogn)','O(n^2)','O(n)'),('003','01','01003','solve for x:\n4x + 2 = 6\nx = ?','Daniel Armaganian','209146943','1','2','1','3','4');
/*!40000 ALTER TABLE `question` ENABLE KEYS */;
UNLOCK TABLES;

--
-- Table structure for table `question_course`
--

DROP TABLE IF EXISTS `question_course`;
/*!40101 SET @saved_cs_client     = @@character_set_client */;
/*!50503 SET character_set_client = utf8mb4 */;
CREATE TABLE `question_course` (
  `question_id` varchar(6) NOT NULL,
  `course_id` varchar(45) NOT NULL,
  PRIMARY KEY (`question_id`,`course_id`),
  KEY `question_course_course_id_idx` (`course_id`),
  CONSTRAINT `question_course_course_id` FOREIGN KEY (`course_id`) REFERENCES `course` (`course_id`),
  CONSTRAINT `question_course_question_id` FOREIGN KEY (`question_id`) REFERENCES `question` (`id`)
) ENGINE=InnoDB DEFAULT CHARSET=utf8mb4 COLLATE=utf8mb4_0900_ai_ci;
/*!40101 SET character_set_client = @saved_cs_client */;

--
-- Dumping data for table `question_course`
--

LOCK TABLES `question_course` WRITE;
/*!40000 ALTER TABLE `question_course` DISABLE KEYS */;
INSERT INTO `question_course` VALUES ('01001','01'),('01003','01'),('01003','02'),('02002','03');
/*!40000 ALTER TABLE `question_course` ENABLE KEYS */;
UNLOCK TABLES;

--
-- Table structure for table `student_course`
--

DROP TABLE IF EXISTS `student_course`;
/*!40101 SET @saved_cs_client     = @@character_set_client */;
/*!50503 SET character_set_client = utf8mb4 */;
CREATE TABLE `student_course` (
  `student_id` varchar(45) NOT NULL,
  `course_id` varchar(45) DEFAULT NULL,
  PRIMARY KEY (`student_id`),
  KEY `student_course_course_id_idx` (`course_id`),
  CONSTRAINT `student_course_course_id` FOREIGN KEY (`course_id`) REFERENCES `course` (`course_id`),
  CONSTRAINT `student_course_student_id` FOREIGN KEY (`student_id`) REFERENCES `users` (`user_id`)
) ENGINE=InnoDB DEFAULT CHARSET=utf8mb4 COLLATE=utf8mb4_0900_ai_ci;
/*!40101 SET character_set_client = @saved_cs_client */;

--
-- Dumping data for table `student_course`
--

LOCK TABLES `student_course` WRITE;
/*!40000 ALTER TABLE `student_course` DISABLE KEYS */;
/*!40000 ALTER TABLE `student_course` ENABLE KEYS */;
UNLOCK TABLES;

--
-- Table structure for table `student_grade`
--

DROP TABLE IF EXISTS `student_grade`;
/*!40101 SET @saved_cs_client     = @@character_set_client */;
/*!50503 SET character_set_client = utf8mb4 */;
CREATE TABLE `student_grade` (
  `student_id` varchar(45) NOT NULL,
  `exam_id` varchar(7) NOT NULL,
  `exam_grade` int DEFAULT NULL,
  `exam_comment` text,
  `isConfirmed` int DEFAULT NULL,
  PRIMARY KEY (`student_id`,`exam_id`),
  KEY `student_grade_exam_id_idx` (`exam_id`),
  CONSTRAINT `student_grade_exam_id` FOREIGN KEY (`exam_id`) REFERENCES `exam` (`exam_id`),
  CONSTRAINT `student_grade_student_id` FOREIGN KEY (`student_id`) REFERENCES `student_question` (`student_id`)
) ENGINE=InnoDB DEFAULT CHARSET=utf8mb4 COLLATE=utf8mb4_0900_ai_ci;
/*!40101 SET character_set_client = @saved_cs_client */;

--
-- Dumping data for table `student_grade`
--

LOCK TABLES `student_grade` WRITE;
/*!40000 ALTER TABLE `student_grade` DISABLE KEYS */;
/*!40000 ALTER TABLE `student_grade` ENABLE KEYS */;
UNLOCK TABLES;

--
-- Table structure for table `student_question`
--

DROP TABLE IF EXISTS `student_question`;
/*!40101 SET @saved_cs_client     = @@character_set_client */;
/*!50503 SET character_set_client = utf8mb4 */;
CREATE TABLE `student_question` (
  `student_id` varchar(45) NOT NULL,
  `question_id` varchar(6) NOT NULL,
  `grade` int DEFAULT NULL,
  PRIMARY KEY (`student_id`,`question_id`),
  KEY `student_question_question_id_idx` (`question_id`),
  CONSTRAINT `student_question_question_id` FOREIGN KEY (`question_id`) REFERENCES `question` (`id`),
  CONSTRAINT `student_question_student_id` FOREIGN KEY (`student_id`) REFERENCES `student_course` (`student_id`)
) ENGINE=InnoDB DEFAULT CHARSET=utf8mb4 COLLATE=utf8mb4_0900_ai_ci;
/*!40101 SET character_set_client = @saved_cs_client */;

--
-- Dumping data for table `student_question`
--

LOCK TABLES `student_question` WRITE;
/*!40000 ALTER TABLE `student_question` DISABLE KEYS */;
/*!40000 ALTER TABLE `student_question` ENABLE KEYS */;
UNLOCK TABLES;

--
-- Table structure for table `subject`
--

DROP TABLE IF EXISTS `subject`;
/*!40101 SET @saved_cs_client     = @@character_set_client */;
/*!50503 SET character_set_client = utf8mb4 */;
CREATE TABLE `subject` (
  `subject_id` varchar(45) NOT NULL,
  `subject_name` varchar(45) NOT NULL,
  PRIMARY KEY (`subject_id`,`subject_name`)
) ENGINE=InnoDB DEFAULT CHARSET=utf8mb4 COLLATE=utf8mb4_0900_ai_ci;
/*!40101 SET character_set_client = @saved_cs_client */;

--
-- Dumping data for table `subject`
--

LOCK TABLES `subject` WRITE;
/*!40000 ALTER TABLE `subject` DISABLE KEYS */;
INSERT INTO `subject` VALUES ('01','Mathematics'),('02','Computer Science'),('03','Physics'),('04','Chemistry');
/*!40000 ALTER TABLE `subject` ENABLE KEYS */;
UNLOCK TABLES;

--
-- Table structure for table `users`
--

DROP TABLE IF EXISTS `users`;
/*!40101 SET @saved_cs_client     = @@character_set_client */;
/*!50503 SET character_set_client = utf8mb4 */;
CREATE TABLE `users` (
  `user_id` varchar(45) NOT NULL,
  `first_name` varchar(45) NOT NULL,
  `last_name` varchar(45) NOT NULL,
  `email` varchar(45) NOT NULL,
  `username` varchar(45) NOT NULL,
  `password` varchar(45) NOT NULL,
  `role` varchar(45) DEFAULT NULL,
  `isLogged` int DEFAULT '0',
  PRIMARY KEY (`user_id`,`username`)
) ENGINE=InnoDB DEFAULT CHARSET=utf8mb4 COLLATE=utf8mb4_0900_ai_ci;
/*!40101 SET character_set_client = @saved_cs_client */;

--
-- Dumping data for table `users`
--

LOCK TABLES `users` WRITE;
/*!40000 ALTER TABLE `users` DISABLE KEYS */;
INSERT INTO `users` VALUES ('200000000','Test','Testovich','test@gmail.com','test','123456','student',0),('209146943','Daniel','Armaganian','daniarmag@gmail.com','daniel','123456','professor',0),('315730176','Tzahi','Bakal','tzahi.bakal@gmail.com','tzahi','123456','professor',0),('319003935','Matan','Czuckermann','cz.matan@gmail.com','matan','123456','professor',0);
/*!40000 ALTER TABLE `users` ENABLE KEYS */;
UNLOCK TABLES;
/*!40103 SET TIME_ZONE=@OLD_TIME_ZONE */;

/*!40101 SET SQL_MODE=@OLD_SQL_MODE */;
/*!40014 SET FOREIGN_KEY_CHECKS=@OLD_FOREIGN_KEY_CHECKS */;
/*!40014 SET UNIQUE_CHECKS=@OLD_UNIQUE_CHECKS */;
/*!40101 SET CHARACTER_SET_CLIENT=@OLD_CHARACTER_SET_CLIENT */;
/*!40101 SET CHARACTER_SET_RESULTS=@OLD_CHARACTER_SET_RESULTS */;
/*!40101 SET COLLATION_CONNECTION=@OLD_COLLATION_CONNECTION */;
/*!40111 SET SQL_NOTES=@OLD_SQL_NOTES */;

-- Dump completed on 2023-05-30  0:33:47
